2	No Student	Trinity	Orders without a Student	1000
2	No student	AA	No Student	1001
2	Julie	Patchen	Patchen, Ed & Julie	1002
2	Spencer	Bridgman	Bridgman, Todd & Shawn 	1001
2	Ashley	Hanson	Hanson, Darin & Donna 	1003
2	Taylor	Hanson	Hanson, Darin & Donna	1003
2	Sarah	Hokamp	Hokamp, Steve & Diane	1003
2	Victoria	Leffler	Leffler, Gary & Carrie	1003
2	Spencer	Schwarting	Schwarting, Chad & Amy	1003
2	Tanner	Schwarting	Schwarting, Chad & Amy	1003
2	Hope	Shelton	Shelton, William & Katie	1003
2	Ethan	Wiesen	Wiesen, Tom & Shani	1003
2	Sadie	Johnson	Johnson, Chris & Kellie	1003
2	Sydnie 	Johnson	Johnson, Chris & Kellie	1003
2	Trey	Wiemer	Wiemer, Paula 	1003
2	Kimberly	Bills	Bills, Tom & Gail	1003
2	Rachel	Bills	Bills, Tom & Gail	1003
2	Austin	Marshall	Marshall, Terry	1003
2	Andrew	Paul	Paul, Erin 	1003
2	Jessica	Paul	Paul, Erin 	1003
2	Colin	Murphy	Murphy, Joseph & Wendy	1003
2	Angela	Bobbett	Bobbett, Tony & Bev	1003
2	Emily	Essen	Essen, Brian & Lori	1003
2	James	Kuhl	Kuhl, David & Diana	1003
2	Mandy	Meng	Meng, Tammy	1003
2	Kayla	Steffensmeier	Steffensmeier, Gene & Peg	1003
2	Care-a-Lot 	Care-a-Lot	Care-a-Lot	1004
2	Kelley	Dahlhauser	Dahlhauser, Pat & Mary	1005
2	Molly	Grimes	Grimes, Dennis & Brenda	1005
2	Nikki	King	King, Jeff & Pam	1005
2	Heather	Kuhl	Kuhl, David & Diana	1005
2	Chelsea	Milks	Milks, Cindy	1005
2	Justin	Mulder	Mulder, Cynthia	1005
2	Alex	Morris	Powers, Stacia	1005
2	Logan	Rozanek	Rozanek, R.A. & Gina	1005
2	Taylor	Sanders	Sanders, Kurt & Sandra	1005
2	Sarah	Springgate	Springgate, Debra	1005
2	Dayna	Strong	Strong, Todd & Lynita	1005
2	Alexandra	Vogel	Vogel, Rick & LuAnn	1005
2	Hannah	Williams	Williams, Dennis & Robin	1005
2	Chelsi	Wilshusen	Wilshusen, Loren & LaDon	1005
2	Nathan	Royuk	Royuk, Michael & Sandra	1005
2	Amanda	Roberson	Roberson	1005
2	Brady	Beckman	Beckman, Jeff & Susan 	1005
2	Casey 	Borgmeyer	Borgmeyer, Robert & Diane 	1005
2	Eric	Essen	Essen, Brian & Lori	1005
2	Jonathan	Heiden	Heiden, Mervin & Cindy 	1005
2	Elizabeth	Mueller	Mueller, Tom & Barbara	1006
2	Brandon	Chrislip	Chrislip, Pam	1006
2	Melissa	Chaney	Chaney, Carl & Susan	1006
2	William	Faulder	Faulder, William & Dianna	1006
2	Nathan	Gilfry	Gilfry, Gary & Micki	1006
2	Brad	Gilligan	Gilligan, Greg & Vickie	1006
2	Alicia	Harms	Harms, Mark & Missy	1006
2	Trisha	Main	Main, Rita & Jay	1006
2	Morgan	Moore	Moore, Curtis & Laura	1006
2	Tyler	Murphy	Murphy, Joseph & Wendy	1006
2	Brittney	Nelson	Nelson, Bryan & Lisa	1006
2	Amber	Rosenbach	Rosenbach, James & Lori	1006
2	Steven	Schultz	Schultz, Mark & Edythe	1006
2	Eric	Bechtel	Bechtel, Mike & Linda	1006
2	Andrea	Brandt	Brandt, Steve & Lisa	1006
2	Jordan	Legband	Legband, Mark & Kriss	1006
2	Addie	Williams	Williams, Dennis & Robin	1006
2	Shannon	Coleman	Heiden, Mervin & Cindy 	1006
2	Danny	Karch	Oliver, Terri 	1006
2	Ashley	Kock	Kock, Pam 	1006
2	Morgan	Mattson	Mattson, Reed & Sharon	1006
2	Anjelica	Schmidt	Schmidt, Gary & Anita	1007
2	Katherine	Goodwin	Goodwin, Tom & Beverly	1007
2	Theresa	Hartwell	Hartwell, Michael & Cheryl	1007
2	Steven	Bunnell	Lang, Lori	1007
2	Caitlyn	Reisdorff	Reisdorff, Bill & Terrie	1007
2	Karissa	Weinrich	Weinrich, Tim & Cheryl	1007
2	Kelli	Schultz	Schultz, Mark & Edythe	1007
2	Meagan	Winckler	Winckler, Tom & Margaret	1007
2	Joe	Delp	Spray, Dave & Marilyn	1007
2	Blaine	Prescott	Steve & Dawn Prescott	1007
2	Marlee	Denton	Bob Denton	1007
2	Jordan	Gilfry	Gilfry, Gary & Micki	1008
2	MacKenzie	Milks	Milks, Cindy	1008
2	Danielle	Moyer	Moyer, Chris & Robin	1008
2	Ethan	Rozanek	Rozanek, R.A. & Gina	1008
2	Sami	Fleharty	Fleharty, Pade	1008
2	Taylor	Franzen	Franzen, Brenda	1008
2	Megan	Assmann	Assmann, Alan & Jennifer	1008
2	Andrew 	King	King, Chad & Dawn	1008
2	Samantha	Lathrop	Lathrop, Michael & Kathy	1008
2	Charlie	Simmons	Clemente, Donna	1008
2	Matthew	Mueller	Mueller, Tom & Barbara	1008
2	Nathan	Nevius	Tom & Kitty Nevius	1008
2	Oliver	Sell	Mara Hornig	1008
2	Taylor	Sewick	Thomas & Tresa Sewick	1008
2	Sarah	Hegstrom	Hegstrom, John & Deborah	1009
2	Zachary	Myers	Myers, Jack & Johnson, Beverly	1009
2	Grace	Pfingston	Pfingston, Gail	1009
2	James	Plank	Plank, Dan & Susan	1009
2	Nella	Sherman	Sherman, Tracey	1009
2	Lillie	Strudthoff	Strudthoff, Kevin & Holly	1009
2	Dylan	Chrislip	Chrislip, Pam	1009
2	Joshua	Buckridge	Buckridge, Dennis & Denece	1009
2	Jacob	Herink	Herink, Tom & Becky	1009
2	Evan	Royuk	Royuk, Michael & Sandra	1009
2	Trevor	Strong	Strong, Alan & Shari	1009
2	Dylan	Main	Main, Rita & Jay	1009
2	Alicia	Schott	Bolden, Tami (Matt Schott)	1009
2	James	Moore	Moore, Curtis & Laura 	1009
2	Seraea	Petersen	Petersen, Tim & Melissa 	1009
2	Alec	Wright	Wright, Robb & Karrie 	1009
2	Jordan	Knoepfel	Jim Knoepful	1009
2	Mohriah	Mayer	Mayer	1009
2	Christian	Sorensen	Sorensen, Terry & Jean	1010
2	Ana	Troupe	Troupe, Roger & Elizabeth	1010
2	Kristine	Dunker	Dunker, Richard & Deborah	1010
2	Tony	Leslie	Leslie, Karin	1010
2	Amanda	Chaney	Chaney, Carl & Susan	1010
2	Joshua	Howard	Howard, Tim & Lora	1010
2	Erika	Harms	Harms, Mark & Missy	1010
2	Emily	Borgmeyer	Borgmeyer, Robert & Diane	1010
2	Elizabeth	Saeger	Saeger, Nick & Janet	1010
2	Esther	Delp	Delp, Kara & Robert 	1010
2	Mollie	Campbell	Siemers, Tara	1010
2	Alexia	Holcomb	Troy & Sheri Holcomb	1010
2	Michaela	Eurek	Eurek, Larry & Lori	1011
2	Arianne	Gesell	Gesell, Gregory & Jody	1011
2	Tanner	Moyer	Moyer, Chris & Robin	1011
2	Tarynn	Rozanek	Rozanek, R.A. & Gina	1011
2	Austin	Schmidt	Schmidt, Gregg & Anne	1011
2	Colin	Struebing	Struebing, Brian & Jennifer	1011
2	Hunter	Franzen	Franzen, Brenda	1011
2	Maxie 	Denton	Denton, Bob & Sandi	1011
2	Marissa	Vakiner	Vakiner, Russel & Patrice	1011
2	Andrew	Bayliff	Bayliff,Roger & Kimberly	1011
2	Stephen	Buckridge	Buckridge, Dennis & Denece	1011
2	Timothy	Henke	Henke, Tim & Joyce 	1011
2	Katie 	Wright	Wright, Robb & Karrie 	1011
2	Brett	Ray	Stacie Mendlik/Tracy Ray	1011
2	Christian	Mendlik	Mendlik, Thomas & Suzanne 	1012
2	Grace	Lathrop	Lathrop, Michael & Kathy	1012
2	James	Howard	Howard, Tim & Lora	1012
2	Rebecca	Mueller	Mueller, Tom & Barbara	1012
2	Michael	Winckler	Winckler, Tom & Margaret	1012
2	Alexandria	Allan	Allan, Robert & Theresa 	1012
2	Tyler	Borgmeyer	Borgmeyer, Erik & Carrie	1012
2	Wyatt	Faulder	Faulder, William & Diana 	1012
2	Trevor	Keeney	Keeney, Paul & Laura 	1012
2	Rebecca	Leslie	Leslie, Karin 	1012
2	William	Oliver	Oliver, Terri 	1012
2	Jacob	Pribnow	Pribnow, Steve & Peg 	1012
2	Megan	Vance	Vance, Phillip & Jeannette 	1012
2	Jacob	Weinrich	Weinrich, Tim & Cheryl 	1012
2	Tara	Busselman	Busselman, Jeff & Robbie	1012
2	Jared	Knoepfel	Jim & Lisa Knoepfel	1012
2	Luke	Prescott	Steve & Dawn Prescott	1012
2	Chase	Oliver	Oliver, Steven & Julie 	1013
2	Patrick	Herink	Herink, Tom & Becky	1013
2	Ian	Gesell	Gesell, Gregory & Jody	1013
2	Colton	Decker	Decker, Tina 	1013
2	Brian	Delp	Delp, Kara & Robert 	1013
2	Matthew	Depue	Depue, Gary & Kami 	1013
2	Adam	Dobbs	Dobbs, Jeff & Lisa 	1013
2	Garret	Giesselmann	Giesselmann, Paul & Paige 	1013
2	Hunter	Giesselmann	Giesselmann, Paul & Paige 	1013
2	Jordyn	Keeney	Keeney, Paul & Laura 	1013
2	Zachary	Menking	Menking, Dion & Tina 	1013
2	Zachariah	Petersen	Petersen, Tim & Melissa 	1013
2	Leah	Strong	Strong, Alan & Shari 	1013
2	Emile	Stubbert	Stubbert, Gil & Carol 	1013
2	Sara 	Troupe	Troupe, Roger & Elizabeth 	1013
2	JT	Vecera	Vecera, John & Wendi 	1013
2	Natalie	Wolfe	Wolfe, Bryan & Debbie 	1013
2	Lucas	Brown	Brown, Monte & Jenise	1013
2	Jacob	Glowacki	Glowacki, Paul & Mary	1013
2	Andrea	Fanara	Thomas & Patricia Fanara	1013
2	Austin	Herre	Jeff & Tracey Herre	1013
2	Isaac	Moore	Tim & Joan Moore	1013
2	Elle	Adams	Adams	1013
2	Anthony	Dodge	Dodge, Randy & Wendy	1014
2	Kenneth	Drucker	Drucker, Joseph & Julie	1014
2	Drew	Feenstra	Feenstra, Darwin & Wendy	1014
2	Schuyler	Hegemann	Hegemann, Paul & Laurie	1014
2	Sarah	Lebsock	Lebsock, Greg&Peggy Wegner	1014
2	Shelby	Lineberry	Lineberry, Michael & Lori	1014
2	Hanna	Rockford	Rockford, Robert & Kelly	1014
2	Hannah	Shy	Shy, John & Sally	1014
2	Triston	Sulley	Sulley, Ken & Dawn	1014
2	Hannah	Wagner	Wagner, Derek & Deb	1014
2	Britton	Allan	Allan, Robert & Theresa	1014
2	Natalie	Bayliff	Bayliff, Roger & Kimberly	1014
2	Cain	Freund	Freund, Melissa	1014
2	Katelyn	Glowacki	Glowacki, Paul & Mary	1014
2	Tyler	King	King, Dawn	1014
2	Alex	Schmidt	Schmidt, Gregg & Anne	1014
2	Brian	Wilmes	Wilmes, Jeff & Beth	1014
2	Alex	Harms	Mark & Missy Harms	1014
2	Tomara	Herre	Jeff & Tracey Herre	1014
2	Luke	Nevius	Tom & Kitty Nevius	1014
2	Michael	Beal	Tracey Sherman	1015
2	Haley	Bundy	Heather Bundy	1015
2	Kyle	Kirkwood	Edwin & Jennifer	1015
2	Lacey	Oliver	Terri Oliver	1015
2	Kathryn	Plank	Dan & Susan Plank	1015
2	Emily	Struebing	Brian & Jennifer Struebing	1015
2	Amanda	Depue	Gary & Kami Depue	1015
2	Tyler	Knoepfel	Jim & Lisa Kneopfel	1015
2	Katie	Petersen	Robert & Mary Perersen	1015
2	Tatim	Schakat	Jeff & Jamie Schakat	1015
2	Logan	Baumberger	Pat & Sandy Baumberger	1015
2	Madison	Carlson	Ginger Garfield	1015
2	Austin	Harms	 Mark & Missy Harms	1015
2	Justus	Herre	Jeff & Tracey Herre	1015
2	Morgan	Mayer	David & Dawn Flor	1015
2	Courtney	Meyer	Mike & Stacey Meyer	1015
2	Lucas	Moore	Tim & Joan Moore	1015
2	Noah	Andersen	Andersen, Rick & Deb	1007
2	Andrew	Storms	Joe & Brenda Storms	1015
2	Alex	Bobbett	Bobbett, Tony & Bev	1003
2	Maria	Cohee	Cohee, Russell & Jennifer	1003
2	Gage	Daugherty	Austin, Shauna	1003
2	Garris	Karr	Aaron & Gena Karr	1003
2	Richard	Goree	Goree, Roger & Rita 	1003
2	Samantha	Herre	Jeff & Tracey Herre	1016
2	Wade	Jensen	Rick & Patricia Jensen	1003
2	Garris	Karr	Karr	1003
2	Joseph	King	King, David & Janet 	1003
2	Laura	Lessig	Lessig, Terrance  	1009
2	Courtney	Meyer	Meyer	1003
2	Nate	Pester	Larry & Cheryl	1003
2	Seth	Pester	Lary & Cheryl	1003
2	Harly	Shy	Shy, Sally 	1003
2	Julian	Sorensen	Terry & Rachel Sorensen	1003
2	Sebastian	Sorensen	Sorensen, Terry 	1003
2	Joel	Suhr	Suhr, Charles & Dawn	1015
2	Amber	Voegler	Voegler, Anita	1003
2	Landon	Wolfe	Wolfe, Bryan & Debbie	1015
2	Victoria	Allan	Bob & Theresa	1016
2	Sarah	Andersen	Kimberly	1016
2	Jason	Bechtel	Mike & Linda	1016
2	Logan	Borgmeyer	Erik & Carrie	1016
2	Conner	Deines	Scott & Geri	1016
2	Brandon	Dodge	Randy & Wendy	1016
2	Maya	Feenstra	Darwin & Wendy	1016
2	Cheyanne	Franzen	Dean & Brenda	1016
2	Kaden	Hendrix	Shaun & Gina	1016
2	Taylor	Keeney	Paul & Laura	1016
2	Amber	LeGrande	Kirt & Jayne	1016
2	Kylie	Lineberry	Michael & Lori	1016
2	Cierra	Oliver	Steve & Julie	1016
2	Karly	Ridder	Dave & Kari	1016
2	Ian	Rockford	Robert & Kelly	1016
2	Samantha	Schindler	Jeff & Kristi	1016
2	Ellenor	Sell	Mara Horning & Chris Sell	1016
2	Tyler	Synovec	Terry & Michele	1016
2	Giannah	Vakiner	Patrice	1016
2	Lexi	Vecera	John & Wendi	1016
2	McKenna	Wright	Rob & Karrie	1016
2	Alexandra	Crume	Gene & Cindy	1012
2	Carley	Glenn	Amy	1013
2	Cameo	Hansen	Steve & JoAnna	1013
2	Michaela	Gobel	Mylee Leffel	1008
2	Anna	Saeger	Nick & Janet	1008
2	Jordan	Strong	Alan	1015
2	Aaron	Hemme	Hemme	1015
2	Weston	LaBelle	Dunker, Tammy 	1014
2	Sklar	King	King	1012
2	Noel	Johnson	Johnson	1011
2	Carter	Schmid	Courtney & Amy	1016
